attribute_name,predicted,true,count
TYPE,STRAP-ON,STRAP-ON,40
TYPE,DIN MOUNT,SINGLE HUB,1
TYPE,DIN MOUNT,DUAL HUB,1
TYPE,POLYCARBONATE,SOLID PANEL,3
TYPE,SOLID PANEL,SOLID PANEL,35
TYPE,FOOT MOUNTS,SINGLE HUB,12
TYPE,,3-WAY [AIR],2
TYPE,ELECTRO-MECHANICAL,ELECTRO-MECHANICAL,5
TYPE,SOLID STATE,ELECTRO-MECHANICAL,15
TYPE,FOOT MOUNTS,DUAL HUB,5
TYPE,INSULATED,RECTANGULAR,42
TYPE,INSULATED,ROUND,9
TYPE,INSULATED,OVAL,1
TYPE,2 POSITION,2 POSITION,9
TYPE,3 POSITION,3 POSITION,38
TYPE,HINGED COVER W/ LOCK,HINGED COVER W/ LOCK,67
TYPE,ACCESSORY,PLASTIC/LEXAN,1
TYPE,CRIMPING TOOL,ACCESSORY,1
TYPE,SUBMERSIBLE,FLEXIBLE,267
TYPE,SECURITY/HVAC,TRANE,1
TYPE,SECURITY/HVAC,SECURITY/HVAC,2
TYPE,HINGED COVER W/ LOCK W/ WINDOW,HINGED COVER W/ LOCK W/ WINDOW,9
TYPE,TERMINAL BLOCK,TERMINAL BLOCK,10
TYPE,NO LAMP,LED,7
TYPE,HINGED COVER,HINGED COVER,292
TYPE,OCCUPANCY SENSOR,PIR,8
TYPE,OCCUPANCY SENSOR,DUAL TECHNOLOGY,4
TYPE,TERMINAL BLOCK,FUSE HOLDER,2
TYPE,TERMINAL BLOCK,IEC,1
TYPE,Thermal Device Circuit Breakers,MINIATURE CIRCUIT BREAKER,10
TYPE,,SLAVE POWER PACK,1
TYPE,FOOT MOUNTS,FOOT MOUNTS,1
TYPE,OM3,CAUTION TAG,1
TYPE,HINGED COVER W/ LOCK W/ WINDOW,BATTERY CABINET,1
TYPE,,TERMINAL CABINET,1
TYPE,POLYCARBONATE,SMOKE DETECTOR GUARD,1
TYPE,CRIMPING TOOL,BOX BRACKET,1
TYPE,SUBMERSIBLE,DUCT,2
TYPE,DELTA,TRANE,3
TYPE,SWITCH,SWITCH,1
TYPE,FREE-STANDING SINGLE DOOR DUAL ACCESS,READER,1
TYPE,PS CARD,PS CARD,1
TYPE,CAT 6A SNAGLESS,PROXIMITY KEY TAG,1
TYPE,RECESSED,PRESS FIT,2
TYPE,LOW LIMIT,DUCT,268
TYPE,ILLUMINATED,MAGNETIC SWITCH,1
TYPE,STRAP-ON,TEMP SENSOR,2
TYPE,TERMINAL BLOCK,CARTRIDGE FUSE,1
TYPE,ILLUMINATED,3 POSITION,2
TYPE,TOTAL PRESSURE,TOTAL PRESSURE,1
TYPE,NON ILLUMINATED,PUSHBUTTON,1
TYPE,PLASTIC/LEXAN,WELDED,3
TYPE,,REPLACEMENT SENSOR,1
TYPE,,TURBINE,1
TYPE,3-WAY,3-WAY,28
TYPE,DELAY TIMER,DELAY TIMER,11
TYPE,POLYCARBONATE,PERFORATED STEEL,3
TYPE,PNEUMATIC,HEAT/COOL,1
TYPE,Flexo® Wrap,Flexo® PET,2
TYPE,Flexo® Wrap,Flexo® Wrap,2
TYPE,,COALESCING,1
TYPE,BALL VALVE,BALL VALVE,1457
TYPE,2 POSITION,4 POSITION,1
TYPE,PERFORATED STEEL,PERFORATED STEEL,4
TYPE,INDUSTRIAL BALL VALVE,INDUSTRIAL BALL VALVE,230
TYPE,MAGNETIC,BALL VALVE,920
TYPE,NON ILLUMINATED,PUSHLOCK KEY RESET,2
TYPE,CONCEPT HMI,CONCEPT HMI,2
TYPE,POLYCARBONATE,CONCEPT HMI,1
TYPE,,POWER ADAPTER,1
TYPE,OCCUPANCY SENSOR,LENS,1
TYPE,2-WAY,2-WAY,40
TYPE,ELECTRIC,ELECTRIC,173
TYPE,V-BALL VALVE,V-BALL VALVE,4
TYPE,VANE,LIQUID FLOAT,1
TYPE,PLASTIC/LEXAN,PLASTIC/LEXAN,1
TYPE,LOW LIMIT,IMMERSION,47
TYPE,LED - NON RELAMPABLE,LED,4
TYPE,MAGNETIC,V-BALL VALVE,1
TYPE,DOOR MOUNT,DOOR MOUNT,4
TYPE,PANEL/BASE MOUNT,PANEL/BASE MOUNT,8
TYPE,ENCLOSED,ENCLOSED,2
TYPE,NON-REVERSING,NON-REVERSING,20
TYPE,REVERSING,REVERSING,19
TYPE,NON-REVERSING,MINIATURE,6
TYPE,MINIATURE,MINIATURE,2
TYPE,MINIATURE,NON-REVERSING,2
TYPE,Thermal Device Circuit Breakers,IEC BREAKER,1
TYPE,FLOOR-STANDING DISCONNECT,HINGED COVER,1
TYPE,THERMOSTATIC,THERMOSTATIC,8
TYPE,ACCUMULATOR,ELECTRO-MECHANICAL,2
TYPE,ILLUMINATED,2 POSITION,3
TYPE,SNAGLESS,SNAGLESS,104
TYPE,NON-BOOTED,NON-BOOTED,15
TYPE,DUCT & COVER,DUCT COVER,1
TYPE,DUCT & COVER,WIRING DUCT - WIDE,7
TYPE,,IMPELLER,1
TYPE,PLASTIC/LEXAN,MACHINED,9
TYPE,SOLID STATE,CLOSET LIGHT CONTROLLER,1
TYPE,CLAMP-ON,ROGOWSKI,13
TYPE,SCREW COVER,SCREW COVER,30
TYPE,RESONATE WAVE,RESONATE WAVE,1
TYPE,SOLID STATE,RELAY,1
TYPE,SCREW COVER,HINGED COVER W/ LOCK,1
TYPE,HINGED COVER,HINGED COVER W/ WINDOW,2
TYPE,CRIMPING TOOL,GRID FILTER,1
TYPE,STROBE,HORN/STROBE,2
TYPE,FREE-STANDING SINGLE DOOR,FREE-STANDING SINGLE DOOR,19
TYPE,CRIMPING TOOL,WALL PLATE,1
TYPE,Thermal Device Circuit Breakers,CARTRIDGE FUSE,1
TYPE,ILLUMINATED,CONTROL STATION,3
TYPE,LED - NON RELAMPABLE,MULTIPLE LAMP TYPES,2
TYPE,3 POSITION,2 POSITION,1
TYPE,3 POSITION KEY,2 POSITION KEY,1
TYPE,L-TYPE,L-TYPE,4
TYPE,L-TYPE,POCKET SIZE,2
TYPE,POLYCARBONATE,POLYMETAL,2
TYPE,POLYCARBONATE,HINGED COVER,1
TYPE,POLYMETAL,POLYMETAL,1
TYPE,FREE-STANDING SINGLE DOOR DUAL ACCESS,SCREW COVER,1
TYPE,HINGED COVER W/ LOCK W/ WINDOW,SCREW COVER,4
TYPE,INLINE,INSERTION,1
TYPE,DELTA,SECURITY/SOUND,3
TYPE,REMOTE BULB,REMOTE BULB,1
TYPE,DEW POINT,SINGLE POINT,11
TYPE,FREE-STANDING SINGLE DOOR DUAL ACCESS,FREE-STANDING SINGLE DOOR,1
TYPE,REMOTE,SUBMERSIBLE,4
TYPE,HINGED COVER W/ WINDOW,HINGED COVER W/ LOCK,2
TYPE,FREE-STANDING SINGLE DOOR DUAL ACCESS,HINGED COVER,2
TYPE,FLUSH-MOUNT DOOR FRAME,FLUSH-MOUNT DOOR FRAME,2
TYPE,FREE-STANDING 2-DOOR,FREE-STANDING 2-DOOR,18
TYPE,FREE-STANDING 2-DOOR,HINGED COVER W/ LOCK,2
TYPE,FREE-STANDING 3-DOOR,FREE-STANDING 3-DOOR,1
TYPE,FREE-STANDING 4-DOOR,FREE-STANDING 4-DOOR,1
TYPE,FREE-STANDING 5-DOOR,FREE-STANDING 5-DOOR,2
TYPE,INLINE,THERMAL MASS,1
TYPE,FAILSAFE RELAY,FAILSAFE RELAY,2
TYPE,MAGNETIC,FAILSAFE RELAY,1
TYPE,3-WAY,2-WAY,1
TYPE,,BASE,1
TYPE,4 POLE,5 POLE,1
TYPE,4 POLE,4 POLE,39
TYPE,4 POLE,3 POLE,1
TYPE,2 POLE,2 POLE,15
TYPE,2 POLE,3 POLE,1
TYPE,2 POLE,1 POLE,3
TYPE,ILLUMINATED,5 POLE,1
TYPE,2 POLE,6 POLE,1
TYPE,ILLUMINATED,MOTOR REVERSING,1
TYPE,SCREW COVER,HINGED COVER,1
TYPE,,TIMING RELAY,1
TYPE,DUAL POINT,LIQUID FLOAT,3
TYPE,HINGED COVER W/ LOCK,SCREW COVER,1
TYPE,CRIMPING TOOL,BIMETAL,1
TYPE,STRAP-ON,IMMERSION,1
TYPE,STRAP-ON,REMOTE PROBE,1
TYPE,DUCT AVERAGE - CABLE,REMOTE PROBE,1
TYPE,DUAL POINT,VIBRATION SENSOR,1
TYPE,CONDUCTIVE,CONDUCTIVE,3
TYPE,CAT 6A SNAGLESS,HINGED COVER W/ LOCK,3
TYPE,FREE-STAND,FREE-STAND,9
TYPE,FREE-STANDING SINGLE DOOR DUAL ACCESS,FREE-STANDING SINGLE DOOR DUAL ACCESS,2
TYPE,FREE-STANDING SINGLE DOOR DUAL ACCESS,FREE-STANDING 2-DOOR DUAL ACCESS,2
TYPE,FREE-STANDING SINGLE DOOR DUAL ACCESS,FREE-STANDING 2-DOOR,1
TYPE,SIDE-MOUNTED,SIDE-MOUNTED,1
TYPE,SWING-OUT,SWING-OUT,1
TYPE,POLYCARBONATE,SIDE-MOUNTED,1
TYPE,DUCT & COVER,LAY-IN WIREWAY,8
TYPE,POLYCARBONATE,CONDUCTIVE,1
TYPE,CAT 6A SNAGLESS,HINGED COVER,2
TYPE,HINGED COVER W/ WINDOW,HINGED COVER,1
TYPE,HINGED COVER W/ WINDOW,HINGED COVER W/ WINDOW,1
TYPE,HINGED COVER W/ WINDOW,SCREW COVER,1
TYPE,CRIMPING TOOL,BATTERY PACKAGE,1
TYPE,FREE-STANDING 2-DOOR DUAL ACCESS,FREE-STANDING 2-DOOR DUAL ACCESS,1
TYPE,SIDE MOUNT,SIDE MOUNT,1
TYPE,FLOOR-STANDING WORKSTATION,FLOOR-STANDING WORKSTATION,5
TYPE,SMART COPIER,TERMINATION MODULE,1
TYPE,,UNIVERSAL RELAY DRIVER MODULE,1
TYPE,CRIMPING TOOL,SCREW DRIVER TERMINALS,1
TYPE,TIMING RELAY,TIMING RELAY,1
TYPE,NON ILLUMINATED,PUSHLOCK TURN RESET,8
TYPE,REMOTE,EXTERNAL,1
TYPE,SNAGLESS - SLIM,SNAGLESS - SLIM,7
TYPE,OM3,SNAGLESS,2
TYPE,CAT 6A SNAGLESS,SNAGLESS,1
TYPE,,INSERTION,1
TYPE,DUCT MOUNT,DUCT MOUNT,5
TYPE,IMMERSION,IMMERSION,1
TYPE,SCREW COVER,HINGED COVER W/ WINDOW,2
TYPE,SUBMERSIBLE,RIGID,21
TYPE,LOW LIMIT,VAV,29
TYPE,ILLUMINATED,LIGHT SWITCH,1
TYPE,PANELMAX,PANELMAX,1
TYPE,,SINTERED FILTER,1
TYPE,DISPLAY,SWITCH,2
TYPE,RIGID,RIGID,92
TYPE,CLAMP-ON,SPLIT CORE,15
TYPE,,SENTINEL PRO,1
TYPE,,COMMUNICATIONS CARD,4
TYPE,USB-PC CONNECTION KIT,KEYPAD,1
TYPE,LED - NON RELAMPABLE,ILLUMINATED,3
TYPE,DUAL POINT,PADDLE,1
TYPE,WALL & CEILING MOUNT,WALL & CEILING MOUNT,4
TYPE,NON ILLUMINATED,PUSH/PULL RESET,2
TYPE,UNIVERSAL FLUSH,UNIVERSAL FLUSH,5
TYPE,FLUSH - NON-RATED,FLUSH - NON-RATED,1
TYPE,NON ILLUMINATED,PUSH-PULL,7
TYPE,4 POLE,2 POLE,12
TYPE,CRIMPING TOOL,HINGED COVER,4
TYPE,,SURGE SUPRESSOR,1
TYPE,VANE,SOLID STATE,2
TYPE,RECESSED MOUNT,RECESSED MOUNT,1
TYPE,CEILING MOUNT,CEILING MOUNT,3
TYPE,L-TYPE,VELOCITY,1
TYPE,2 POSITION KEY,2 POSITION KEY,4
TYPE,3 POSITION KEY,3 POSITION KEY,33
TYPE,PLATE MOUNTS,SINGLE HUB,1
TYPE,,ROCKER,1
TYPE,VANE,VANE,3
TYPE,FREE-STANDING SINGLE DOOR DUAL ACCESS,HINGED COVER W/ WINDOW,1
TYPE,CAT 6A SNAGLESS,ELECTRIC,1
TYPE,,BACNET,1
TYPE,CLAMP-ON,SOLID CORE,3
TYPE,AERIAL MOUNT,GENERAL PURPOSE SNOW SENSOR,1
TYPE,Type B,Type B,2
TYPE,Type A,Type A,4
TYPE,Type B ,Type B ,2
TYPE,Strip Luminaire,General Purpose Wrap,1
TYPE,,Type A,2
TYPE,CRIMPING TOOL,White,1
TYPE,,General Purpose Strip ,1
TYPE,,RANGE EXTENDER,1
TYPE,MAGNETIC,INDUSTRIAL BALL VALVE,3
TYPE,,AIR & SURFACE,1
TYPE,HORN,HORN/STROBE,1
TYPE,DELTA,BACNET,1
TYPE,,MSTP ROUTER,1
TYPE,OCCUPANCY SENSOR,OCCUPANCY SENSOR,1
TYPE,COMBINATION I/O MODULE,RETROFIT INTERIOR I/O,1
TYPE,COMBINATION I/O MODULE,RETROFIT KIT,2
TYPE,,CONTROL MODULE,2
TYPE,COMBINATION I/O MODULE,CONTROL PANEL I/O,1
TYPE,CRIMPING TOOL,CAPACTIVE TOUCH STATION,1
TYPE,,WIRELESS LEAK DETECTOR,1
TYPE,SHIELD,MOMENTARY - WEATHER RESISTANT,2
TYPE,SHIELD,MOMENTARY - ILLUMINATED,1
TYPE,SHIELD,MOMENTARY - ILLUMINATED BAR,1
TYPE,SHIELD,TURN-TO-RESET,4
TYPE,SHIELD,KEY-TO-RESET,1
TYPE,DUAL POINT,SUBMERSIBLE,3
TYPE,SUBMERSIBLE,PIPE MOUNT,2
TYPE,OPTICAL,LIQUID FLOAT,1
TYPE,,SFP FOR SWITCHES,1
TYPE,CRIMPING TOOL,OPTICAL SPLITTER,1
TYPE,OPTICAL SPLITTER,OPTICAL SPLITTER,1
TYPE,OPTICAL SPLITTER,FIBER COUPLER,1
TYPE,SHIELD,PNEUMATIC,1
TYPE,LIGHT MODULE,SYNC MODULE,1
TYPE,,ZONING THERMOSTAT,2
TYPE,DUAL POINT,CABLE FLOAT,2
TYPE,LOW LIMIT,HIGH LIMIT,1
TYPE,PIPE MOUNT,PIPE MOUNT,15
TYPE,STRAP-ON,PIPE MOUNT,2
TYPE,SNAGLESS,SNAGLESS - SLIM,5
TYPE,BULK CABLE,BULK CABLE,2
TYPE,OM3,BULK CABLE,1
TYPE,OM3,90 DEGREE,1
TYPE,,STATUS PANEL,1
TYPE,SCREW COVER,ACCESSORY,1
TYPE,POLYCARBONATE,VARIABLE HEIGHT STATIONARY,1
TYPE,POLYCARBONATE,FIBERGLASS,1
TYPE,SHIELD,SHIELD & SHIELD SOUND,2
TYPE,SINGLE POINT CABLE,SINGLE POINT CABLE,15
TYPE,DUCT & COVER,WIRING DUCT - NARROW,6
TYPE,,DUCT,1
TYPE,POWER SUPPLY,ANTENNA,2
TYPE,REMOTE ALARM/HORN,REMOTE ALARM,1
TYPE,INLINE,INLINE,1
TYPE,,AUTOCXI,1
TYPE,TEMPERATURE,OUTPUT MODULE,1
TYPE,SHIELD,BREAK GLASS,1
TYPE,TERMINAL BLOCK,PANEL/BASE MOUNT,1
TYPE,NON ILLUMINATED,BREAK GLASS,1
TYPE,PUSHBUTTON,HINGED COVER,2
TYPE,HINGED COVER,HINGED COVER W/ LOCK,2
TYPE,CAT 6A SNAGLESS,SCREW COVER,1
TYPE,,SOLID STATE,1
TYPE,HINGED COVER,SCREW COVER,1
TYPE,UNIVERSAL INPUT,RELAY,1
TYPE,,AC CURRENT & VOLTAGE,1
TYPE,CAT 6 PATCH CABLE,CAT 6 PATCH CABLE,2
TYPE,CRIMPING TOOL,CRIMPING TOOL,1
TYPE,,CAP,1
TYPE,ILLUMINATED,4 POSITION,3
TYPE,COMBINATION I/O MODULE,CONTROL PANEL BASE,2
TYPE,TERMINATION & POWER MODULE,CONTROL PANEL I/O,3
TYPE,BALL VALVE,LIQUID FLOAT,1
TYPE,2 POSITION,3 POSITION,1
TYPE,LOW LIMIT,ROOM,1
TYPE,CAT 6A SNAGLESS,POWER CABLE,1
TYPE,TERMINAL BLOCK,INPUT CONNECTOR,1
TYPE,FOOT MOUNTS,ROGOWSKI,1
TYPE,,O2 | H2S | CO,1
TYPE,STROBE,TOWER,1
TYPE,DUCT & COVER,DUCT & COVER,1
TYPE,COVER,COVER,1
TYPE,,MOTOR STARTER,1
TYPE,CRIMPING TOOL,POWER CABLE,1
TYPE,REMOTE CABLE,REMOTE KEYPAD,1
TYPE,SMART COPIER,CONDUIT MODULE,1
TYPE,,INPUT/OUTPUT BOARD,1
TYPE,SMART COPIER,FLANGE MOUNT,1
TYPE,USB-PC CONNECTION KIT,DISCONNECT MODULE,1
TYPE,CRIMPING TOOL,FLANGE MOUNT,1
TYPE,,TEMPERATURE,1
TYPE,NON-REVERSING,OPEN STYLE,1
TYPE,REVERSING,VFD BYPASS PANEL,1
TYPE,,SNOW SWITCH,1
TYPE,CAT 6A SNAGLESS,ANTENNA,1
TYPE,ROCKER,OUTLET & SWITCH,1
TYPE,NON ILLUMINATED,MOMENTARY,2
TYPE,NON ILLUMINATED,KEY-TO-RESET,1
TYPE,HINGED COVER W/ LOCK W/ WINDOW,ACCESSORY CABINET,1
TYPE,Mini AI Thermopile People Counter,Mini AI Thermopile People Counter,1
TYPE,Environment Monitoring Sensor,Environment Monitoring Sensor,2
TYPE,WiFi / WiFi Halow X1 Sensing Camera,WiFi / WiFi Halow X1 Sensing Camera,3
TYPE,Ultra Low Power Solar LoRaWAN Gateway,Ultra Low Power Solar LoRaWAN Gateway,1
TYPE,Wi-Fi HaLow Gateway,Wi-Fi HaLow Gateway,1
TYPE,Multi-Interface Controller,Multi-Interface Controller,1
TYPE,AI Workplace Occupancy Sensor,AI Workplace Occupancy Sensor,1
TYPE,Smart Wall Switch (High Load),Smart Portable Socket,1
TYPE,Industrial Temperature Sensor,Industrial Temperature Sensor,1
TYPE,4G Industrial IoT Router,4G Industrial IoT Router,2
TYPE,4G Industrial IoT Router,4G Pro Industrial Router,1
TYPE,,LoRaWAN Solenoid Valve Controller,1
TYPE,Ultra ToF People Counter,Ultra ToF People Counter (High Ceiling Mount),1
TYPE,Smart Wall Switch,Smart Wall Switch,1
TYPE,FDA Temperature / Tilt Sensor,Temperature Sensor,1
TYPE,Environment Monitoring Sensor,Radar Distance/Level Sensor,1
TYPE,,RIBBON CLOTH ,1
INPUT SIGNAL,,ANALOG,1
INPUT SIGNAL,0-5VDC,00 - 05/10/15 VDC or 00 - 20 mA,1
INPUT SIGNAL,,SELECTABLE IN OPTIONS,1
INPUT SIGNAL,0-5VDC,03 - 30 PSIG,1
INPUT SIGNAL,ON/OFF & FLOATING,FLOATING POINT,10
INPUT SIGNAL,ON/OFF & FLOATING,ON/OFF,5
INPUT SIGNAL,ON/OFF,ON/OFF,2558
INPUT SIGNAL,PROPORTIONAL,PROPORTIONAL,658
INPUT SIGNAL,ON/OFF,FLOATING POINT,1262
INPUT SIGNAL,PROGRAMMABLE,PROPORTIONAL,199
INPUT SIGNAL,PROGRAMMABLE,PROGRAMMABLE,198
INPUT SIGNAL,CURRENT,CURRENT,3
INPUT SIGNAL,VOLTAGE,VOLTAGE,1
INPUT SIGNAL,ON/OFF,ON/OFF & FLOATING POINT,405
INPUT SIGNAL,ON/OFF,PROPORTIONAL,821
INPUT SIGNAL,ON/OFF,PROGRAMMABLE,34
INPUT SIGNAL,ON/OFF & FLOATING,PROPORTIONAL,62
INPUT SIGNAL,ON/OFF & FLOATING,PROGRAMMABLE,20
INPUT SIGNAL,MODUALTING,ON/OFF & FLOATING,1
INPUT SIGNAL,0 - 10,ON/OFF & FLOATING,5
INPUT SIGNAL,FLOATING,ON/OFF & FLOATING,3
INPUT SIGNAL,0 - 10,PROPORTIONAL,3
INPUT SIGNAL,FLOATING POINT,FLOATING POINT,179
INPUT SIGNAL,ON/OFF & FLOATING POINT,FLOATING POINT,532
INPUT SIGNAL,ON/OFF & FLOATING POINT,ON/OFF & FLOATING POINT,547
INPUT SIGNAL,ON/OFF & FLOATING POINT,ON/OFF,532
INPUT SIGNAL,FLOATING POINT,PROPORTIONAL,17
INPUT SIGNAL,PROPORTIONAL,PROGRAMMABLE,11
INPUT SIGNAL,PWM,PROPORTIONAL,82
INPUT SIGNAL,PWM,PROGRAMMABLE,43
INPUT SIGNAL,PROPORTIONAL,FLOATING POINT,3
INPUT SIGNAL,PROPORTIONAL,ON/OFF,4
INPUT SIGNAL,PROPORTIONAL,ON/OFF & FLOATING POINT,3
INPUT SIGNAL,ON/OFF - PULSE MODULATING,THERMOSTATIC,8
INPUT SIGNAL,ON/OFF - PULSE MODULATING,PROPORTIONAL,30
INPUT SIGNAL,PROPORTIONAL & ON/OFF,ON/OFF & FLOATING POINT,19
INPUT SIGNAL,0 - 10,PROGRAMMABLE,3
INPUT SIGNAL,ON/OFF - PULSE MODULATING,ON/OFF & FLOATING,3
INPUT SIGNAL,CURRENT,VOLTAGE,1
INPUT SIGNAL,FLOATING,PROPORTIONAL,2
INPUT SIGNAL,MODUALTING,PROGRAMMABLE,3
INPUT SIGNAL,MODUALTING,FLOATING POINT,1
INPUT SIGNAL,PROPORTIONAL & ON/OFF,PROPORTIONAL,308
INPUT SIGNAL,PWM,ON/OFF,4
INPUT SIGNAL,PWM,FLOATING POINT,17
INPUT SIGNAL,PROPORTIONAL & ON/OFF,PULSE | ANALOG | FLOATING,1
INPUT SIGNAL,,24 VAC / VDC,1
INPUT SIGNAL,MODUALTING,ON/OFF & FLOATING POINT,2
INPUT SIGNAL,,PROPORTIONAL,1
INPUT SIGNAL,MODUALTING,PROPORTIONAL,6
INPUT SIGNAL,ON/OFF - PULSE MODULATING,ON/OFF,3
INPUT SIGNAL,FLOATING,ON/OFF & FLOATING POINT,1
INPUT SIGNAL,PULSE WIDTH MODULATING,FLOATING POINT,6
INPUT SIGNAL,PULSE WIDTH MODULATING,PULSE WIDTH MODULATING,6
INPUT SIGNAL,PWM,PWM,1
INPUT SIGNAL,0 - 10,PROPORTIONAL/PROGRAMMABLE,1
INPUT SIGNAL,FLOATING POINT,ON/OFF & FLOATING POINT,1
INPUT SIGNAL,FLOATING POINT,ON/OFF,1
INPUT SIGNAL,MODUALTING,ON/OFF,1
INPUT SIGNAL,0 - 10,ON/OFF,1
INPUT SIGNAL,MODUALTING,0 - 10,1
INPUT SIGNAL,SYLK,SYLK,69
INPUT SIGNAL,ON/OFF & FLOATING POINT,PROPORTIONAL,387
INPUT SIGNAL,FLOATING,ON/OFF,1
INPUT SIGNAL,PROPORTIONAL & ON/OFF,FLOATING POINT,26
INPUT SIGNAL,PROPORTIONAL & ON/OFF,ON/OFF,18
INPUT SIGNAL,PROPORTIONAL & ON/OFF,PROGRAMMABLE,12
INPUT SIGNAL,,ANALOG/DIGITAL,1
INPUT SIGNAL,BACNET MS/TP,BACNET MS/TP,27
INPUT SIGNAL,BACNET MS/TP,MODBUS RTU,5
INPUT SIGNAL,BACNET MS/TP,MP-BUS,3
INPUT SIGNAL,BACNET MS/TP,PROPORTIONAL,20
INPUT SIGNAL,ON/OFF & FLOATING POINT,PROGRAMMABLE,366
INPUT SIGNAL,On/Off,On/Off,12
INPUT SIGNAL,PROGRAMMABLE,FLOATING POINT,1
INPUT SIGNAL,PROGRAMMABLE,ON/OFF,1
INPUT SIGNAL,FLOATING POINT,PROGRAMMABLE,2
INPUT SIGNAL,MODBUS RTU,MODBUS RTU,19
INPUT SIGNAL,MODBUS RTU,PROPORTIONAL,13
INPUT SIGNAL,BACNET IP,BACNET IP,4
INPUT SIGNAL,MODBUS TCP,MODBUS TCP,2
CONNECTION,FEMALE NPT,00.125 IN.,2
CONNECTION,UNION SWEAT,FEMALE THREAD,1
CONNECTION,FEMALE NPT,FEMALE NPT,2920
CONNECTION,0.25 IN. FEMALE NPS,0.25 IN. MALE NPT,3
CONNECTION,LUG,LUG,595
CONNECTION,0.25 IN. FEMALE NPS,0.125 IN. FEMALE NPT,14
CONNECTION,THREADLESS,00.50 IN. NPT,10
CONNECTION,0.25 IN. FEMALE NPT,0.25 IN. FEMALE NPS,1
CONNECTION,14-BLADE PLUG-IN,14-BLADE PLUG-IN,5
CONNECTION,,0.25 IN. MALE NPT,1
CONNECTION,ANSI 300 FLANGE,00.25 IN.,1
CONNECTION,,00.375 IN.,1
CONNECTION,11-BLADE PLUG-IN,11-BLADE PLUG-IN,1
CONNECTION,0.25 IN. FEMALE NPT,0.25 IN. FEMALE NPT,1
CONNECTION,VICTAULIC,VICTAULIC,17
CONNECTION,Sweat,Sweat,37
CONNECTION,SWEAT,SWEAT,81
CONNECTION,ANSI 250 FLANGE,ANSI 125 FLANGE,61
CONNECTION,FLANGE,ANSI 125 FLANGE,59
CONNECTION,FLANGE,FLANGE,17
CONNECTION,FLARED,FEMALE NPT IN | MALE UNION OUT,4
CONNECTION,FLARED,FEMALE NPT,1
CONNECTION,ANSI 250 FLANGE,FEMALE NPT,18
CONNECTION,FEMALE NPT,ANSI 250 FLANGE,4
CONNECTION,ANSI 250 FLANGE,ANSI 250 FLANGE,55
CONNECTION,FEMALE NPT,ANSI 125 FLANGE,7
CONNECTION,FLANGE,ANSI 250 FLANGE,6
CONNECTION,FLANGE,FEMALE NPT,56
CONNECTION,0.4375 IN. FEMALE NPT,0.25 IN. BARBED,3
CONNECTION,ANGLE FEMALE NPT | MALE NPT UNION,ANGLE FEMALE NPT | MALE NPT UNION,2
CONNECTION,ANSI 150 FLANGE,ANSI 150 FLANGE,93
CONNECTION,00.125 IN.,00.125 IN.,3
CONNECTION,0.25 IN. FEMALE NPS,0.50 IN. FEMALE NPT,3
CONNECTION,4 PIN BARREL,NONE,2
CONNECTION,UNION GLOBE,UNION GLOBE,7
CONNECTION,UNION SWEAT,UNION SWEAT,5
CONNECTION,FLANGE,ANGLE FEMALE x UNION MALE,4
CONNECTION,00.75 IN.,00.75 IN.,2
CONNECTION,FLANGE,00.75 IN.,1
CONNECTION,0.4375 IN. FEMALE NPT,00.25 IN. NPT,1
CONNECTION,ANSI 300 FLANGE,FEMALE NPT,1
CONNECTION,8-PIN OCTAL BASE,8-PIN OCTAL BASE,4
CONNECTION,11-PIN OCTAL BASE,11-PIN OCTAL BASE,1
CONNECTION,,SCREW TERMINALS,1
CONNECTION,THREADLESS,00.75 IN. NPT,1
CONNECTION,SCREW TERMINALS,SCREW TERMINALS,1
CONNECTION,INVERTED FLARE,INVERTED FLARE,5
CONNECTION,THREADED RP,FEMALE NPT,1
CONNECTION,00.25 IN. NPT,00.25 IN. NPT,5
CONNECTION,,01.00 IN.,1
CONNECTION,UNION STRAIGHT NPT,UNION STRAIGHT NPT,4
CONNECTION,SAE FLARE,SAE FLARE,1
CONNECTION,ANGLE MALE x FEMALE NPT,FEMALE NPT,1
CONNECTION,FEMALE NPT,ANGLE MALE x FEMALE NPT,1
CONNECTION,THREADED RP,INVERTED FLARE,2
CONNECTION,FLARED,SAE FLARE,1
CONNECTION,THREADED RP,THREADED RP,8
CONNECTION,THREADED RP,SWEAT,3
CONNECTION,VICTAULIC,LUG,1
CONNECTION,THREADLESS,00.50 IN. BSPT,1
CONNECTION,00.75 IN.,01.25 IN.,1
CONNECTION,00.75 IN.,01.50 IN.,1
CONNECTION,00.75 IN.,02.00 IN.,1
CONNECTION,,0.25 IN. FEMALE NPT,1
CONNECTION,,FEMALE NPT,1
CONNECTION,FEMALE NPT x FEMALE NPT,FEMALE NPT x FEMALE NPT,27
CONNECTION,FLARED,FEMALE NPT x FEMALE NPT,1
CONNECTION,FLANGE,FEMALE NPT x UNION MALE,17
CONNECTION,FEMALE NPT,FEMALE NPT x UNION FEMALE,2
CONNECTION,UNION MALE,UNION MALE,12
CONNECTION,ANGLE FEMALE NPT x UNION MALE,ANGLE FEMALE NPT x UNION MALE,2
CONNECTION,ANSI 125 FLANGE,FEMALE NPT,1
CONNECTION,UNION SWEAT,FEMALE NPT x UNION MALE,2
CONNECTION,UNION SWEAT,FLANGE,12
CONNECTION,UNION SWEAT,DIRECT-COUPLED UNIVERSAL BONNET,3
CONNECTION,UNION SWEAT,FEMALE NPT x FEMALE NPT,1
CONNECTION,FLARED,SWEAT,1
CONNECTION,FLANGE,ANGLE MALE x FEMALE NPT,4
CONNECTION,NONE,NONE,22
CONNECTION,FLANGE,ANGLE FEMALE NPT X UNION MALE,1
CONNECTION,UNION STRAIGHT NPT,NPT,1
CONNECTION,ANSI 125/150 FLANGE,ANSI 125/150 FLANGE,3
CONNECTION,ANSI 125 FLANGE,ANSI 125 FLANGE,34
CONNECTION,ANSI 300 FLANGE,ANSI 125/150 FLANGE,4
CONNECTION,ANSI 125/150 FLANGE,ANSI 300 FLANGE,1
CONNECTION,FLARED,ANGLE FEMALE NPT | MALE NPT UNION,2
CONNECTION,0.4375 IN. FEMALE NPT,0.50 IN. FEMALE NPT,1
CONNECTION,0.25 IN. FEMALE NPS,0.25 IN. QUICK SPADE TERMINALS,1
CONNECTION,FLARED,SOLDER,1
CONNECTION,PRESS FIT,PRESS FIT,21
CONNECTION,0.4375 IN. FEMALE NPT,00.50 IN. NPT,1
CONNECTION,,0.1875 IN. BARBED,1
CONNECTION,0.4375 IN. FEMALE NPT,00.4375 IN. COMPRESSION,1
SIZE,01.25 IN.,03.00,3
SIZE,22.00 IN.,CUSTOM,2
SIZE,19.00 IN.,04.00 IN.,1
SIZE,04.00 IN.,CUSTOM,1
SIZE,,04.80 IN.,1
SIZE,30 mm,22.00 mm,25
SIZE,22 mm,22 mm,108
SIZE,00.50,00.50,26
SIZE,01.25 IN.,01.00,6
SIZE,01.25 IN.,00.75,6
SIZE,01.25 IN.,01.25,4
SIZE,01.25 IN.,01.50,1
SIZE,19.00 IN.,16.00 IN.,1
SIZE,25.00 mm,22.00 mm,29
SIZE,25.00 mm,08.00 mm,1
SIZE,30 mm,16.00 mm,1
SIZE,08.00 IN.,08.00 IN.,133
SIZE,10.00 IN.,10.00 IN.,127
SIZE,30.00 IN.,04.00 IN.,9
SIZE,12.00 IN.,12.00 IN.,121
SIZE,04.00 IN.,04.00 IN.,239
SIZE,03.00 IN.,12.00 IN.,3
SIZE,01.25 IN.,02.00 IN.,2
SIZE,01.25 IN.,01.50 IN.,9
SIZE,02.50,02.50,3
SIZE,03.00,03.00,2
SIZE,03.00 IN.,00.125 IN.,1
SIZE,03.00 IN.,02.00 IN.,9
SIZE,00.50 IN.,00.50 IN.,1237
SIZE,00.50 IN.,01.25 IN.,16
SIZE,07.00 IN.,CUSTOM,1
SIZE,01.00 IN.,00.75 IN.,98
SIZE,01.00 IN.,01.00 IN.,589
SIZE,01.25 IN.,01.25 IN.,401
SIZE,01.00 IN.,01.25 IN.,31
SIZE,00.50 IN.,01.50 IN.,24
SIZE,01.00 IN.,02.00 IN.,131
SIZE,01.50 IN.,02.00 IN.,18
SIZE,22.00 mm,22 mm,3
SIZE,00.75 IN.,00.75 IN.,314
SIZE,01.50 IN.,01.50 IN.,256
SIZE,02.00 IN.,02.00 IN.,126
SIZE,02.50 IN.,02.50 IN.,374
SIZE,03.00 IN.,03.00 IN.,353
SIZE,03.00 IN.,00.75 IN.,6
SIZE,02.50 IN.,02.00 IN.,42
SIZE,00.50 IN.,00.75 IN.,54
SIZE,01.00 IN.,01.50 IN.,34
SIZE,30.00 IN.,02.00 IN.,28
SIZE,30.00 IN.,12.00 IN.,3
SIZE,30.00 IN.,20.00 IN.,1
SIZE,01.00 IN.,00.50 IN.,8
SIZE,30.00 IN.,05.00 IN.,7
SIZE,20.00 IN.,06.00,1
SIZE,04.00 IN.,05.00 IN.,2
SIZE,08.00,02.50,1
SIZE,00.50,01.00 IN.,25
SIZE,00.50,00.50 IN.,64
SIZE,05.00 IN.,05.00 IN.,165
SIZE,12.00 mm,08.00 mm,1
SIZE,12.00 mm,16.00 mm,2
SIZE,02.00,02.00,3
SIZE,18.00 IN.,18.00 IN.,13
SIZE,08.00,14.00,1
SIZE,06.00 IN.,06.00 IN.,156
SIZE,01.25 IN.,00.75 IN.,45
SIZE,01.50 IN.,01.25 IN.,20
SIZE,14.00 IN.,14.00 IN.,56
SIZE,30.00 IN.,24.00 IN.,1
SIZE,00.50,00.75 IN.,39
SIZE,25.00 mm,16.00 mm,5
SIZE,32.00 x 08.00 IN.,22.00 x 16.00 IN.,1
SIZE,36.00 x 10.00 IN.,22.00 x 18.00 IN.,1
SIZE,26.00 x 10.00 IN.,24.00 x 06.00 IN.,1
SIZE,32.00 x 08.00 IN.,22.00 x 14.00 IN.,1
SIZE,26.00 x 10.00 IN.,22.00 x 20.00 IN.,1
SIZE,32.00 x 08.00 IN.,24.00 x 22.00 IN.,1
SIZE,20.00 x 08.00 IN.,18.00 IN.,1
SIZE,36.00 x 10.00 IN.,22.00 x 10.00 IN.,1
SIZE,32.00 x 08.00 IN.,34.00 x 12.00 IN.,1
SIZE,32.00 x 08.00 IN.,14.00 x 12.00 IN.,1
SIZE,32.00 x 08.00 IN.,30.00 x 14.00 IN.,1
SIZE,32.00 x 08.00 IN.,22.00 x 12.00 IN.,1
SIZE,36.00 x 10.00 IN.,30.00 x 16.00 IN.,1
SIZE,36.00 x 10.00 IN.,16.00 x 12.00 IN.,1
SIZE,36.00 x 10.00 IN.,30.00 x 18.00 IN.,1
SIZE,32.00 x 08.00 IN.,08.00 x 08.00 IN.,1
SIZE,36.00 x 10.00 IN.,20.00 x 16.00 IN.,1
SIZE,36.00 x 10.00 IN.,20.00 x 12.00 IN.,1
SIZE,32.00 x 08.00 IN.,24.00 x 12.00 IN.,1
SIZE,20.00 x 08.00 IN.,20.00 IN.,1
SIZE,32.00 x 08.00 IN.,32.00 x 22.00 IN.,1
SIZE,30.00 IN.,02.50 IN.,2
SIZE,00.39 IN.,00.50 IN.,19
SIZE,,4.00 IN.,1
SIZE,12.00 mm,22.00 mm,1
SIZE,03.00 IN.,168.00 IN.,1
SIZE,03.00 IN.,24.625 IN.,1
SIZE,03.00 IN.,48.625 IN.,1
SIZE,03.00 IN.,36.625 IN.,1
SIZE,1,1,8
SIZE,1.25,1.25,8
SIZE,1.5,1.5,6
SIZE,2,2,3
SIZE,01.00,01.00,1
SIZE,05.00,01.50,1
SIZE,0.5,0.5,35
SIZE,0.75,0.75,8
SIZE,00.50,00.75,1
SIZE,00.50,01.25,1
SIZE,00.75,00.75,3
SIZE,0.75,00.50,5
SIZE,01.50 IN.,00.50 IN.,8
SIZE,01.25 IN.,00.50 IN.,5
SIZE,22.00 mm,16 mm,1
SIZE,1,01.00,1
SIZE,00.25 IN,01.50 IN.,1
SIZE,05.50 IN.,05.50 IN.,2
SIZE,30 mm,30.00 mm,9
SIZE,4.00 IN.,2.50 IN.,3
SIZE,25.00 mm,30.00 mm,24
SIZE,04.00 IN.,03.00 IN.,1
SIZE,1.25,0.5,1
SIZE,00.39 IN.,02.50 IN.,13
SIZE,00.39 IN.,00.39 IN.,5
SIZE,00.39 IN.,00.75 IN.,148
SIZE,00.39 IN.,01.00 IN.,11
SIZE,00.39 IN.,01.50 IN.,4
SIZE,00.39 IN.,02.00 IN.,75
SIZE,01.25 IN.,02.50 IN.,1
SIZE,00.50,01.25 IN.,1
SIZE,00.39 IN.,03.00 IN.,12
SIZE,00.39 IN.,01.25 IN.,6
SIZE,1.25,1,1
SIZE,01.25 IN.,01.00 IN.,3
SIZE,01.50 IN.,00.75 IN.,6
SIZE,04.00 IN.,02.50 IN.,2
SIZE,06.00 IN.,05.00 IN.,1
SIZE,30 mm,30 mm,58
SIZE,04.00 IN.,2.5,1
SIZE,04.00 IN.,4,1
SIZE,00.25 IN,00.75 IN.,2
SIZE,00.39 IN.,10.00 IN.,2
SIZE,00.39 IN.,04.00 IN.,9
SIZE,00.39 IN.,08.00 IN.,6
SIZE,00.39 IN.,06.00 IN.,7
SIZE,30.00 IN.,06.00 IN.,1
SIZE,00.50 IN.,02.50 IN.,3
SIZE,03.00 IN.,08.00 IN.,1
SIZE,00.39 IN.,05.00 IN.,9
SIZE,00.156 IN. O.D.,00.375 IN. O.D.,1
SIZE,00.156 IN. O.D.,00.25 IN. O.D.,3
SIZE,03.00 IN.,06.00 IN.,1
SIZE,08.00,24.00,1
SIZE,08.00,05.00,1
SIZE,,00.50 IN.,1
SIZE,20.00 IN.,20.00 IN.,13
SIZE,24.00 IN.,24.00 IN.,4
SIZE,16.00 IN.,16.00 IN.,15
SIZE,30.00 IN.,18.00 IN.,1
SIZE,22.00 x 10.00 IN.,18.00 x 16.00 IN.,1
SIZE,22.00 x 10.00 IN.,40.00 x 18.00 IN.,1
SIZE,22.00 x 10.00 IN.,36.00 x 32.00 IN.,1
SIZE,36.00 x 32.00 IN.,36.00 x 10.00 IN.,1
SIZE,22.00 x 10.00 IN.,12.00 IN.,1
SIZE,22.00 x 10.00 IN.,14.00 IN.,1
SIZE,22.00 x 10.00 IN.,20.00 IN.,1
SIZE,22.00 x 10.00 IN.,36.00 x 10.00 IN.,1
SIZE,22.00 x 10.00 IN.,28.00 x 24.00 IN.,1
SIZE,40.00 x 14.00 IN.,28.00 x 14.00 IN.,1
SIZE,44.00 x 10.00 IN.,44.00 x 20.00 IN.,1
SIZE,48.00 x 24.00 IN.,24.00 x 10.00 IN.,1
SIZE,36.00 x 32.00 IN.,36.00 x 12.00 IN.,1
SIZE,40.00 x 14.00 IN.,14.00 x 14.00 IN.,1
SIZE,40.00 x 14.00 IN.,14.00 IN.,1
SIZE,22.00 x 10.00 IN.,28.00 x 12.00 IN.,1
SIZE,22.00 x 10.00 IN.,32.00 x 12.00 IN.,1
SIZE,22.00 x 10.00 IN.,18.00 x 18.00 IN.,1
SIZE,22.00 x 10.00 IN.,36.00 x 18.00 IN.,1
SIZE,22.00 x 10.00 IN.,40.00 x 36.00 IN.,1
SIZE,40.00 x 14.00 IN.,14.00 x 08.00 IN.,1
SIZE,44.00 x 10.00 IN.,44.00 x 18.00 IN.,1
SIZE,48.00 x 24.00 IN.,32.00 x 24.00 IN.,1
SIZE,40.00 x 10.00 IN.,44.00 x 44.00 IN.,1
SIZE,8 IN.,"""4""",2
SIZE,2X4FT,2X4FT,9
SIZE,2X2FT,2X2FT,6
SIZE,1X4FT,1X4FT,1
SIZE,6 IN.,"""6""",3
SIZE,05.00,01.00,1
SIZE,00.75,01.00,1
SIZE,05.00,01.25,1
SIZE,4,4,4
SIZE,3,3,3
SIZE,2.5,2.5,4
SIZE,6,6,1
SIZE,00.50,1,1
SIZE,01.25 IN.,02.00,3
SIZE,01.25 IN.,02.50,2
SIZE,01.25 IN.,06.00,3
SIZE,01.25 IN.,04.00,2
SIZE,01.25 IN.,05.00,3
SIZE,01.50 IN.,02.50 IN.,1
SIZE,01.50 IN.,01.00 IN.,2
SIZE,01.00 IN.,02.50 IN.,2
SIZE,2X2,2X2,2
SIZE,2X4,2X4,3
SIZE,4 IN.,4 IN.,1
SIZE,00.50 IN.,01.00 IN.,3
SIZE,04.00 IN.,00.75 IN.,2
SIZE,02.50 IN.,00.375 IN.,1
SIZE,02.50 IN.,00.75 IN.,2
SIZE,02.50 IN.,00.125 IN.,1
SIZE,02.50 IN.,03.00 IN.,1
SIZE,00.50 IN.,02.00 IN.,6
SIZE,30.00 IN.,14.00 IN.,2
SIZE,30.00 IN.,16.00 IN.,1
SIZE,14.00 IN.,16.00 IN.,1
SIZE,14.00 IN.,02.25 IN.,1
SIZE,03.00 IN.,00.50 IN.,1
SIZE,12.00 IN.,14.00 IN.,6
SIZE,08.00 IN.,10.00 IN.,39
SIZE,08.00 IN.,12.00 IN.,31
SIZE,08.00 IN.,14.00 IN.,23
SIZE,00.50 IN.,05.00 IN.,1
SIZE,00.50 IN.,12.00 IN.,1
SIZE,30.00 IN.,30.00 IN.,1
SIZE,04.00 IN.,0.75,1
SIZE,1,1.25,1
SIZE,,2x2 FT,1
SIZE,01.00 IN.,03.00 IN.,8
SIZE,,2.00 IN.,1
SIZE,30.00 IN.,03.00 IN.,1
SIZE,11.00 IN.,17.00 IN.,1
SIZE,03.00 IN.,02.00 IN,2
SIZE,30.00 IN.,08.00 IN.,2
SIZE,08.00,08.00,1
SIZE,20.00 IN.,08.00,1
SIZE,07.00 IN.,11.00 IN.,2
SIZE,22.00 mm,30 mm,1
SIZE,00.39 IN.,00.375 IN.,15
SIZE,02.50 IN.,00.50 IN.,1
SIZE,06.00 IN.,00.75 IN.,1
TRIM MATERIAL,BRASS,BRASS,2090
TRIM MATERIAL,STAINLESS STEEL,STAINLESS STEEL,1890
TRIM MATERIAL,STAINLESS,STAINLESS STEEL,334
TRIM MATERIAL,BRASS,STAINLESS STEEL,531
TRIM MATERIAL,STAINLESS,STAINLESS,62
TRIM MATERIAL,BRASS,BRONZE,135
TRIM MATERIAL,STAINLESS,BRASS,22
TRIM MATERIAL,CAST IRON,STAINLESS STEEL,15
TRIM MATERIAL,,BRASS,2
TRIM MATERIAL,STAINLESS STEEL,BRASS,7
TRIM MATERIAL,CAST IRON,BRONZE,2
TRIM MATERIAL,CAST IRON,BRASS,15
TRIM MATERIAL,IRON,IRON,36
TRIM MATERIAL,BRONZE,BRASS,1
TRIM MATERIAL,BRONZE,BRONZE,8
TRIM MATERIAL,DUCTILE IRON,DUCTILE IRON,150
TRIM MATERIAL,CAST IRON,CAST IRON,246
TRIM MATERIAL,,EPDM & BRASS,1
ENCLOSURE,NEMA 1,NEMA 1,187
ENCLOSURE,NEMA 5,FLANGE,14
ENCLOSURE,NEMA 4,NEMA 4X,160
ENCLOSURE,NEMA 4,NEMA 4,208
ENCLOSURE,NEMA 4/4X,IP65,7
ENCLOSURE,,IP42,1
ENCLOSURE,NEMA 5,NEMA 1,46
ENCLOSURE,METAL,WALL,15
ENCLOSURE,NEMA 2,NEMA 2,1181
ENCLOSURE,NEMA 2,NEMA 1,798
ENCLOSURE,NEMA 2,NEMA 4X,16
ENCLOSURE,WALL,WALL,5
ENCLOSURE,IP31,NEMA 1,914
ENCLOSURE,IP31,NEMA 2,952
ENCLOSURE,IP31,NEMA 4X,237
ENCLOSURE,POLYCARBONATE,NEMA 4X,3
ENCLOSURE,RECESSED,DUCT,1
ENCLOSURE,NEMA 1,NEMA 2,67
ENCLOSURE,NEMA 5,NEMA 2,10
ENCLOSURE,PANEL MOUNT,OUTDOOR,2
ENCLOSURE,INDOOR,INDOOR,344
ENCLOSURE,METAL,DUCT,13
ENCLOSURE,STEEL J-BOX,NEMA 1,27
ENCLOSURE,STEEL J-BOX,NEMA 4,26
ENCLOSURE,STEEL J-BOX,NONE,18
ENCLOSURE,NEMA 4X W/HEATER,NEMA 4X,14
ENCLOSURE,NEMA 1,NEMA 4X,4
ENCLOSURE,NEMA 1,NEMA 4,4
ENCLOSURE,NEMA 4X W/HEATER,NEMA 2,6
ENCLOSURE,NEMA 4X W/HEATER,NEMA 1,6
ENCLOSURE,MMU,PANEL MOUNT,2
ENCLOSURE,PANEL MOUNT,PANEL MOUNT,11
ENCLOSURE,IP31,NEMa 4X,1
ENCLOSURE,DUCT,WALL MOUNT,21
ENCLOSURE,WALL MOUNT,WALL MOUNT,8
ENCLOSURE,RECESSED,WALL MOUNT,3
ENCLOSURE,,IP66,3
ENCLOSURE,REMOTE SENSOR,REMOTE SENSOR,5
ENCLOSURE,BRACKET,FLANGE,12
ENCLOSURE,STEEL J-BOX,FLANGE,9
ENCLOSURE,NEMA 5,NEMA 3S,27
ENCLOSURE,STEEL J-BOX,NEMA 3S,5
ENCLOSURE,NEMA 2,NEMA 4X W/HEATER,1
ENCLOSURE,NEMA 4/4X,NEMA 4/4X,1
ENCLOSURE,NEMA 3S,NEMA 1,3
ENCLOSURE,NEMA 3S,NEMA 3S,5
ENCLOSURE,NONE,NONE,6
ENCLOSURE,NEMA 3S,NEMA 4X,4
ENCLOSURE,STEEL J-BOX,NEMA 2,1
ENCLOSURE,NEMA 5,NEMA 4,177
ENCLOSURE,NEMA 5,NEMA 4X,177
ENCLOSURE,STEEL J-BOX,NEMA 4X,4
ENCLOSURE,METAL,PROBE,1
ENCLOSURE,,NEMA 4X,4
ENCLOSURE,NEMA 4X,NEMA 4X,417
ENCLOSURE,NEMA 4X,NEMA 4,8
ENCLOSURE,NEMA 2,NEMA 4,6
ENCLOSURE,POLYCARBONATE,IP65,11
ENCLOSURE,METAL,WASHDOWN,1
ENCLOSURE,STEEL J-BOX,EXPLOSION PROOF,3
ENCLOSURE,WALL MOUNT,DUCT MOUNT,2
ENCLOSURE,RECESSED,WALL,4
ENCLOSURE,NEMA 5,NEMA 5,28
ENCLOSURE,PANEL MOUNT,INDOOR,1
ENCLOSURE,ODP ENCLOSURE,ODP ENCLOSURE,34
ENCLOSURE,TEFC ENCLOSURE,TEFC ENCLOSURE,180
ENCLOSURE,TEFC ENCLOSURE,TENV ENCLOSURE,2
ENCLOSURE,WPI ENCLOSURE,WPI ENCLOSURE,21
ENCLOSURE,TEFC ENCLOSURE,WPI ENCLOSURE,4
ENCLOSURE,NEMA 6P,NEMA 6P,3
ENCLOSURE,NEMA 4,IP65,7
ENCLOSURE,NEMA 5,NEMA 3R,4
ENCLOSURE,NEMA 5,UL94-HB,5
ENCLOSURE,STEEL J-BOX,NEMA 3R,2
ENCLOSURE,STEEL J-BOX,UL94-HB,2
ENCLOSURE,IP31,NEMA 4,190
ENCLOSURE,METAL,RECESSED,4
ENCLOSURE,METAL,OUTDOOR,1
ENCLOSURE,NEMA 4 W/HEATER,NEMA 4 W/HEATER,11
ENCLOSURE,NEMA 4 w/HEATER,NEMA 4 w/HEATER,4
ENCLOSURE,UL94-HB,UL94-HB,20
ENCLOSURE,UL94-HB,NEMA 4X,15
ENCLOSURE,UL94-HB,UL94-V0,2
ENCLOSURE,UL94-HB,NEMA 3R,3
ENCLOSURE,NEMA 1,NEMA 3R,6
ENCLOSURE,,NEMA 3,1
ENCLOSURE,METAL,METAL,3
ENCLOSURE,DUCT,DUCT,1
ENCLOSURE,NEMA 6P,NEMA 4X,2
ENCLOSURE,IP54,NEMA 3R,2
ENCLOSURE,NEMA 4X W/HEATER,NEMA 3R,43
ENCLOSURE,NEMA 2,NEMA 3R,8
ENCLOSURE,IP31,NEMA 3R,111
ENCLOSURE,MMU,MMU,60
ENCLOSURE,OUTDOOR,OUTDOOR,377
ENCLOSURE,,NEMA 4,1
ENCLOSURE,RECESSED,CLEAR PLASTIC,1
ENCLOSURE,NONE,NEMA 4,1
ENCLOSURE,DUCT,NONE,3
ENCLOSURE,DUCT,SENSOR ONLY,10
ENCLOSURE,POLYCARBONATE,POLYCARBONATE,1
ENCLOSURE,NEMA 4,NEMA 1,2
ENCLOSURE,EXPLOSION PROOF,EXPLOSION PROOF,5
ENCLOSURE,,WALL,1
ENCLOSURE,MMU,INDOOR,1
ENCLOSURE,DIN MOUNT,DIN MOUNT,1
ENCLOSURE,DUCT,NEMA 4X,1
ENCLOSURE,IP54,IP54,1
ENCLOSURE,MMU,DIN MOUNT,1
ENCLOSURE,NEMA 4X W/HEATER,NEMA 4,11
ENCLOSURE,METAL,WALL MOUNT,2
ENCLOSURE,DUCT,WALL MOUNT - IP66,1
ENCLOSURE,METAL,WALL/CEILING,1
AUX SWITCH,NO,NO,1903
AUX SWITCH,NONE,NONE,1482
AUX SWITCH,NONE,YES,124
AUX SWITCH,N,NONE,118
AUX SWITCH,N,YES,191
AUX SWITCH,NO,YES,551
AUX SWITCH,YES,YES,1254
AUX SWITCH,NO,NONE,35
AUX SWITCH,YES,NONE,34
AUX SWITCH,YES,NO,3
AUX SWITCH,,NONE,1
AUX SWITCH,NONE,NO,2
FAIL POSITION,NON FAILSAFE,NON FAILSAFE,2222
FAIL POSITION,FAILSAFE,FAILSAFE,560
FAIL POSITION,NON FAILSAFE,FAILSAFE,568
FAIL POSITION,ELECTRICAL FAIL-SAFE,FAILSAFE,998
FAIL POSITION,ELECTRONIC FAIL-SAFE,NON FAILSAFE,20
FAIL POSITION,NO / NC,FAILSAFE,2
FAIL POSITION,ELEC FAILSAFE,FAILSAFE,124
FAIL POSITION,ELECTRICAL FAIL-SAFE,NON FAILSAFE,37
FAIL POSITION,ELECTRONIC FAILSAFE,ELECTRONIC FAILSAFE,92
FAIL POSITION,ELECTRONIC FAILSAFE,FAILSAFE,92
FAIL POSITION,ELEC FAILSAFE,ELECTRONIC FAILSAFE,23
FAIL POSITION,ELEC FAILSAFE,NON FAILSAFE,11
FAIL POSITION,NON FAILSAFE,ELECTRONIC FAILSAFE,8
FAIL POSITION,ELECTRICAL FAIL-SAFE,ELECTRONIC FAILSAFE,63
FAIL POSITION,THERMOSTATIC,THERMOSTATIC,8
FAIL POSITION,ELECTRONIC  FAIL-SAFE,FAILSAFE,3
FAIL POSITION,FAIL OPEN,ELECTRONIC FAILSAFE,13
FAIL POSITION,FAIL OPEN,FAILSAFE,840
FAIL POSITION,NORMALLY OPEN,NORMALLY OPEN,46
FAIL POSITION,NORMALLY CLOSED,NORMALLY CLOSED,36
FAIL POSITION,SPRING RETURN,SPRING RETURN,13
FAIL POSITION,MIXING,MIXING,15
FAIL POSITION,FAILSAFE,SPRING RETURN,2
FAIL POSITION,FAILSAFE,NON FAILSAFE,4
FAIL POSITION,SPRING CLOSE,NON FAILSAFE,2
FAIL POSITION,THERMOSTATIC,NON FAILSAFE,2
FAIL POSITION,FAILSAFE,ELECTRONIC FAILSAFE,4
FAIL POSITION,FAIL OPEN,NON FAILSAFE,39
FAIL POSITION,,FAILSAFE,1
FAIL POSITION,,ELECTRONIC FAILSAFE,1
FAIL POSITION,SPRING OPEN,NON FAILSAFE,1
FAIL POSITION,ELECTRONIC FAIL-SAFE,FAILSAFE,22
FAIL POSITION,FAILSAFE,ELECTRONIC  FAIL-SAFE,1
FAIL POSITION,ELECTRONIC  FAIL-SAFE,ELECTRONIC  FAIL-SAFE,1
FAIL POSITION,SPRING CLOSE,SPRING CLOSE,1
FAIL POSITION,FAILSAFE,NORMALLY CLOSED,1
FAIL POSITION,ELECTRONIC FAIL-SAFE,ELECTRONIC FAIL-SAFE,16
FAIL POSITION,FAIL OPEN,ELECTRONIC FAIL-SAFE,3
INPUT POWER,110 VAC,24 VAC,95
INPUT POWER,110 VAC,24 VDC,84
INPUT POWER,110 VAC,24 VAC/VDC,83
INPUT POWER,24-240/24-125,120 VAC,72
INPUT POWER,240 VAC,120 VAC,86
INPUT POWER,240 VAC,230 VAC,11
INPUT POWER,240 VAC,24 VAC,172
INPUT POWER,240 VAC,24 VDC,124
INPUT POWER,240 VAC,24 VAC/VDC,124
INPUT POWER,LOW VOLTAGE,LOW VOLTAGE,61
INPUT POWER,24 VAC/VDC,24 VDC,3327
INPUT POWER,24 VAC/VDC,24 VAC,3473
INPUT POWER,24 VAC/VDC,24 VAC/VDC,3380
INPUT POWER,24 VAC/VDC,120 VAC,458
INPUT POWER,110 VAC,230 VAC,21
INPUT POWER,110 VAC,120 VAC,42
INPUT POWER,MAGNETIC,230 VAC,78
INPUT POWER,MAGNETIC,120 VAC,169
INPUT POWER,MAGNETIC,24 VAC/VDC,186
INPUT POWER,MAGNETIC,24 VAC,339
INPUT POWER,MAGNETIC,24 VDC,167
INPUT POWER,24 VAC/VDC,230 VAC,322
INPUT POWER,110,24,18
INPUT POWER,LINE VOLTAGE,LOW VOLTAGE,1
INPUT POWER,24-240/24-125,230 VAC,11
INPUT POWER,24-240/24-125,24 VAC,71
INPUT POWER,,LOW VOLTAGE,6
INPUT POWER,230 VAC,120 VAC,3
INPUT POWER,24,24 VAC,49
INPUT POWER,24,120 VAC,20
INPUT POWER,24,230 VAC,7
INPUT POWER,120 VAC,120 VAC,22
INPUT POWER,24 VAC,24 VAC,168
INPUT POWER,THERMOSTATIC,THERMOSTATIC,7
INPUT POWER,THERMOSTATIC,SELF ACTING,1
INPUT POWER,24-240/24-125,24 VAC/VDC,13
INPUT POWER,24-240/24-125,24 VDC,15
INPUT POWER,24,24 VDC,4
INPUT POWER,24,24 VAC/VDC,3
INPUT POWER,110/230 VAC,24 VDC,131
INPUT POWER,110/230 VAC,24 VAC,143
INPUT POWER,110/230 VAC,24 VAC/VDC,131
INPUT POWER,24 VAC,24 VAC/VDC,1
INPUT POWER,24 VAC,24 VDC,1
INPUT POWER,12-30 VDC,LOW VOLTAGE,3
INPUT POWER,24 VAC,120 VAC,1
INPUT POWER,24,120,3
INPUT POWER,120 VAC,230 VAC,2
INPUT POWER,230 VAC,230 VAC,4
INPUT POWER,110,24 VAC/VDC,7
INPUT POWER,240 VAC,240 VAC,2
INPUT POWER,240 VAC,208 VAC,1
INPUT POWER,110,120,3
INPUT POWER,110/230 VAC,230 VAC,132
INPUT POWER,110/230 VAC,120 VAC,130
INPUT POWER,,24 VDC,1
INPUT POWER,,24 VAC/VDC,1
INPUT POWER,,24 VAC,1
INPUT POWER,110 VAC,240 VAC,11
INPUT POWER,110,120 VAC,3
INPUT POWER,110,24 VAC,2
INPUT POWER,110 VAC,20 VAC,1
INPUT POWER,12-30 VDC,24 VAC/VDC - 115/220 VAC,1
INPUT POWER,110 VAC,220 VAC,23
INPUT POWER,110 VAC,110 VAC,24
INPUT POWER,,24,1
INPUT POWER,12-30 VDC,24 VAC/VDC,1
INPUT POWER,110,24-240,1
FAIL POSITION - NO/NC,NORMALLY OPEN,NORMALLY CLOSED,2043
FAIL POSITION - NO/NC,NORMALLY OPEN,NORMALLY OPEN,3213
FAIL POSITION - NO/NC,LAST POSITION,LAST POSITION,55
FAIL POSITION - NO/NC,NORMALLY CLOSED,NORMALLY CLOSED,947
FAIL POSITION - NO/NC,NORMALLY CLOSED,NORMALLY OPEN,11
FAIL POSITION - NO/NC,FAIL-IN-PLACE,FAIL-IN-PLACE,15
FAIL POSITION - NO/NC,FAIL-IN-PLACE,NORMALLY CLOSED,2
FAIL POSITION - NO/NC,MIXING,MIXING,9
