pt_id,pt_name,n_samples,top1_accuracy,top3_accuracy,ece,brier
1,Ball 2-Way w/  Electric Actuator,33784,0.6153800615676059,0.921412502959981,0.44096247717844134,0.43194708573003165
388,Pressure Independent Valves & Actuators,19520,0.5288934426229508,0.7709016393442623,0.3426010599670109,0.3684594915763652
55,Ball 3-Way w/  Electric Actuator,17147,0.64017029217939,0.887560506210999,0.43713141640894193,0.42392699569764913
902,KW/ KWH Energy/Power Meters - Honeywell,7596,0.8891521853607162,0.9927593470247499,0.6850419109388326,0.5805072669542841
13,Globe 2 Way w/  Electric Actuator,5629,0.6823592112275715,0.9703322082074969,0.4944737138939512,0.4620729925955568
53,Butterfly 2 Way w/  Electric Actuator,5494,0.5467783036039315,0.8747724790680743,0.3657804594966146,0.3804976971058456
899,Multi-Function Room Air Quality Sensors,5321,0.8449539560233039,0.9921067468520954,0.6430521425292367,0.5497545405415852
579,Variable Speed Drives,4511,0.5242739968964752,0.8040345821325648,0.3564129442972526,0.40427820920703555
58,Butterfly 3 Way w/  Electric Actuator,3752,0.4517590618336887,0.875,0.2644530290803151,0.32563826895605996
790,Venturi Valves,2934,0.9662576687116564,0.9996591683708248,0.6845790887711241,0.4969440971014632
14,Globe 3 Way w/  Electric Actuator,2426,0.4525968672712284,0.8891178895300906,0.26629845531045016,0.3192494479257455
772,Induction Motors,2270,0.7524229074889868,0.9374449339207048,0.4886995034894706,0.4255001398163051
140,Duct Averaging Sensors,2054,0.6888997078870497,0.9464459591041869,0.46880245441264223,0.4284891282833183
29,Duct Sensors,1786,0.0005599104143337066,0.3314669652855543,0.10292645149172296,0.01186221889996486
286,NEMA 4,1618,0.6860321384425216,0.8498145859085291,0.44998934753881137,0.38810508648120634
42,Zone 2 Way w/  Electric Actuator,1604,0.5692019950124688,0.7593516209476309,0.3813809226930096,0.3901390526467984
28,Room Sensors,1549,0.6520335700451905,0.7876049063912202,0.432059751937215,0.40699552510612363
714,NEMA 4X/Metallic,1480,0.6932432432432433,0.772972972972973,0.4496577964556566,0.3881804655539066
50,Globe 2 Way w/  Pneumatic Actuator,1435,0.9128919860627178,0.9797909407665505,0.6665259422096818,0.5160855155235106
216,Electric Actuators,1377,0.4335511982570806,0.7233115468409586,0.2560688507809315,0.31901935533620096
227,Pushbuttons,1102,0.003629764065335753,0.37749546279491836,0.11435891353057755,0.017128662949718668
37,Differential Pressure Transmitters,1038,0.5394990366088632,0.8198458574181118,0.30589191556793827,0.33938030039524597
229,Selector Switches,964,0.9346473029045643,0.9896265560165975,0.6766331079298865,0.5154793080474326
645,Network & Patch Cables,840,0.780952380952381,0.9154761904761904,0.5629561953209147,0.4885263719093994
152,Remote Probes,839,0.010727056019070322,0.3778307508939213,0.08328710521668695,0.019535081729924957
45,Ball Valves,719,0.7454798331015299,0.8511821974965229,0.520536518819497,0.45867649849087866
96,NEMA 1,650,0.583076923076923,0.6584615384615384,0.33791042289477075,0.34144714414479477
30,Immersion Sensors,650,0.5169230769230769,0.7892307692307692,0.28118539859007696,0.3297760004604418
61,Zone 3 Way w/  Electric Actuator,608,0.7976973684210527,0.9819078947368421,0.6091782412556292,0.5310747865149382
335,Combination Humidity/ Temp Duct,477,0.14675052410901468,0.45073375262054505,0.2378734867182616,0.1587903945424862
12,Globe 3 Way w/  Pneumatic Actuator,447,0.7427293064876958,0.9105145413870246,0.5216281234853973,0.4637054036498324
905,NSF Ball Valves,437,0.7276887871853547,0.9473684210526315,0.5194989128891828,0.4647312141531508
337,Combination Humidity/ Temp Room,399,0.010025062656641603,0.2932330827067669,0.09176357345980314,0.01785210457530089
159,NEMA 3R,398,0.8090452261306532,0.864321608040201,0.5623120098587895,0.47051808807689416
188,Wall Plate Sensors,392,0.5382653061224489,0.8316326530612245,0.28988444127014634,0.3465056076133943
98,NEMA 12/ 13,387,0.7855297157622739,0.8811369509043928,0.5408316844669661,0.455996651265118
51,Globe Valves,364,0.6043956043956044,0.8351648351648352,0.37629516982238465,0.3666520632309806
639,Ball 6 Way w/Electric Actuator,360,0.65,0.9777777777777777,0.4567470203858015,0.4389167780509592
538,CO2 Transmitters,349,0.5845272206303725,0.8710601719197708,0.3593601793160863,0.35776104970394196
653,NEMA 4X/Non-Metallic,340,0.6,0.6823529411764706,0.36726295036820156,0.3692782267338512
94,Pre-Packaged Relays (RIB/ PAM/ MR/ CVR),331,0.44108761329305135,0.6918429003021148,0.22891992839288072,0.30121695323096964
725,LED Lamps - Screw & Pin Based,296,0.8344594594594594,0.9290540540540541,0.5677050839636604,0.4559103356691566
213,Contactors,287,0.6794425087108014,0.926829268292683,0.445395551874475,0.42023232882823164
595,Refrigerant Detectors,260,0.015384615384615385,0.25384615384615383,0.10602342105409097,0.02865136360302767
64,Electric Valve Actuators,255,0.16470588235294117,0.38823529411764707,0.16017033294020197,0.16420329870471614
189,Control Dampers,251,0.12350597609561753,0.6294820717131474,0.09503817327368755,0.12901241755889126
336,Combination Humidity/ Temp Outside Air,243,0.43621399176954734,0.831275720164609,0.21073327961774935,0.2898915196212264
93,General Purpose Relays,240,0.15,0.48333333333333334,0.20191416335977497,0.16151057092400772
234,Control Cables,223,0.6457399103139013,0.8071748878923767,0.45299674251231015,0.4308827666091893
104,KW/ KWH Energy/Power Meters,221,0.334841628959276,0.47058823529411764,0.3334757090225857,0.33820097059896237
97,Subpanels,210,0.7047619047619048,0.9714285714285714,0.48893629048879894,0.4379007059082702
78,"Gas Transmitters (Chlorine, Combustibles, etc.)",207,0.5652173913043478,0.7101449275362319,0.37476329206474046,0.35977258347150476
38,Differential Pressure Switches,197,0.4365482233502538,0.6954314720812182,0.26769869763170984,0.2794037711037261
32,Control Transformers,183,0.20765027322404372,0.4918032786885246,0.24744812881823025,0.21647009211230905
108,Current Switches,174,0.6494252873563219,0.9080459770114943,0.38077995044354024,0.3705001504855586
297,Accessories - Valves,172,0.08139534883720931,0.09883720930232558,0.11404324567219802,0.06471150391754381
296,Accessories - Panel Devices,171,0.05263157894736842,0.06432748538011696,0.0428570446274981,0.04085820334686292
328,Emergency Operator Stations,157,0.22929936305732485,0.43312101910828027,0.17484535553570196,0.23054300674268008
44,Strap-On Sensors,155,0.6064516129032258,0.7161290322580646,0.4113798978459291,0.4149955170349567
49,Zone Valves,154,0.7272727272727273,0.8896103896103896,0.5045243943621203,0.4437831659110881
99,Accessories - Enclosures,135,0.05925925925925926,0.06666666666666667,0.047537567525584246,0.04987944061529066
7,Gateways,126,0.07142857142857142,0.09523809523809523,0.05498100433113025,0.05768011093212025
75,Gauge Pressure Transmitters,125,0.16,0.392,0.10126336098034262,0.1574737632258867
684,Pushbutton Enclosures,108,0.8703703703703703,0.9722222222222222,0.6106143728443727,0.4870054258062837
31,Outside Air Sensors,108,0.06481481481481481,0.5462962962962963,0.07316108657348812,0.05800762356993091
305,Electronic/ Time Delay Relays,106,0.5471698113207547,0.7830188679245284,0.34160597218245453,0.34083211723458806
539,Gas Transmitters (CO),104,0.5769230769230769,0.8173076923076923,0.35474947310776417,0.37038676641250107
687,Pressure Independent Valves,89,0.449438202247191,0.6292134831460674,0.34969648166698364,0.28636124042717875
228,Pilot Lights,87,0.08045977011494253,0.4482758620689655,0.06727960535567826,0.0837201053261071
105,Current Transformers,83,0.012048192771084338,0.6265060240963856,0.065272941531175,0.015910034667482094
132,Air Quality Sensors,81,0.16049382716049382,0.32098765432098764,0.15081671412538605,0.1601499037948895
533,Pressure Monitors,80,0.0375,0.475,0.06768229919272588,0.03503954949055612
728,Flat Panels,80,0.9375,0.95,0.6935588603271325,0.5412352004447404
695,LED Lamps - T8 & T5,75,0.6133333333333333,0.6933333333333334,0.41227757272821686,0.35849728630911754
196,Accessories - Dampers,74,0.12162162162162163,0.14864864864864866,0.08510346543947958,0.09615673016805272
149,Moisture Sensors,74,0.6351351351351351,0.8648648648648649,0.4190171699153977,0.40017915274272353
158,Wire Duct/ Covers,72,0.05555555555555555,0.5,0.04093871959784561,0.0500938693170572
17,Power Supplies,66,0.10606060606060606,0.3484848484848485,0.04188548152232123,0.08823120164176698
633,Configurable Communicating Thermostats,64,0.625,0.78125,0.4113421060449387,0.37517914002087077
887,Enclosed Transformers,61,0.6065573770491803,0.9016393442622951,0.38795203172091364,0.41499980789236296
352,Occupancy Sensors,61,0.18032786885245902,0.9344262295081968,0.12384180815219155,0.18055555438277907
643,Electromagnetic Flow Meters,61,0.04918032786885246,0.08196721311475409,0.022803675311280948,0.04827744752326567
156,Current Sensors,60,0.25,0.5666666666666667,0.279636687370053,0.25664535397777766
279,Accessories - Flow,60,0.0,0.0,0.03427303334400389,0.0025589732425064277
371,Circuit Breakers/ Fuses,58,0.1896551724137931,0.41379310344827586,0.13331480719681027,0.19203306082793586
151,Terminal Blocks,57,0.8070175438596491,0.9473684210526315,0.5768205804631845,0.4880916572125532
773,Permanent Magnet Motors,57,0.7192982456140351,0.8771929824561403,0.5057183795151723,0.47801274099927366
230,Accessories - Gas,55,0.01818181818181818,0.01818181818181818,0.04274627241418506,0.01423359025762267
161,Pressure Gauges,51,0.5294117647058824,0.6862745098039216,0.3447218537983516,0.3546651410416167
40,Thermowells,46,0.2826086956521739,0.8043478260869565,0.30388162245181694,0.2772302629210574
201,Fire/ Smoke Rated Actuators,45,0.9777777777777777,0.9777777777777777,0.7911090533231333,0.6506227156596202
303,Solenoid 2 Way,45,0.6666666666666666,0.9111111111111111,0.45002671359726887,0.4090815792896916
372,Power Relays,43,0.0,0.0,0.09590084950105053,0.012888728829467181
379,Switches,43,0.2558139534883721,0.32558139534883723,0.26344084788767413,0.2608624656907168
482,Disconnect Switches,43,0.9069767441860465,0.9302325581395349,0.6888987938209141,0.5507607752792342
258,Accessories - Temperature,41,0.024390243902439025,0.07317073170731707,0.01700840253836988,0.02786117962976646
41,Duct Humidity Sensors,41,0.0,0.024390243902439025,0.02186284471293719,0.0029894698468564624
464,Fire Cable - Plenum Rated,40,0.6,0.925,0.4094315491949295,0.3626648672747009
217,Pneumatic Actuators,33,0.7878787878787878,0.9393939393939394,0.5653051828079273,0.4743158163448535
20,Room Humidity Sensors,30,0.0,0.23333333333333334,0.03859265198779611,0.0028478797625201484
644,Energy Valves,30,0.5,0.7,0.2846822460265015,0.32987735150916425
734,Volumetric Style Troffer,30,0.8,0.8666666666666667,0.6117300275274418,0.5195676653473702
101,Pneumatic Thermostats,28,0.6071428571428571,0.6785714285714286,0.45505262262590135,0.33024841270255884
225,Freezer and Extreme Temperature Sensors,28,0.07142857142857142,0.25,0.09329233131374792,0.05669325808758401
241,Water Flow Switches,26,0.5,0.6923076923076923,0.3228768484558813,0.30747568366335865
461,Network Cables,25,0.8,0.96,0.5553467445562308,0.4600320230631864
170,Accessories - Pressure,24,0.0,0.041666666666666664,0.05293730741638379,0.004794722358772857
686,Pitot Tubes & Pressure Probes,24,0.5416666666666666,0.7083333333333334,0.3349763785695674,0.35847692549624677
298,Inline Flow Meters,24,0.041666666666666664,0.25,0.06217369419010629,0.04977263968089732
685,I/O Modules/Expanders,24,0.08333333333333333,0.25,0.04738307875099468,0.07150586842074064
509,Explosion Proof Sensors,24,0.5833333333333334,0.625,0.3813471478970643,0.3833378326364594
465,Fire Cable - PVC /  Riser Rated,24,0.625,0.7916666666666666,0.4440397990004365,0.42608614958331154
722,Access Doors,24,0.5,0.7083333333333334,0.2955330662968778,0.3382782809461747
737,Downlights,24,0.3333333333333333,0.375,0.23793994329159382,0.31987317452846625
392,Sensing Cables,24,0.125,0.125,0.018404549396473565,0.10221076363090313
741,Wall Pack / Wall Mount,23,0.8260869565217391,0.9130434782608695,0.6146291888872955,0.5195561034418104
537,Butterfly Valves,22,0.45454545454545453,0.5454545454545454,0.29966141927471623,0.30716090062578283
295,Legend Plates,20,0.95,1.0,0.7160572459346002,0.5588780122008584
587,Panel Displays,20,0.5,0.85,0.3111178150549234,0.30696528191295563
915,Milesight,20,0.7,0.8,0.5415163705773031,0.4882424447411714
733,Linear Strip Luminaires,19,0.3157894736842105,0.5789473684210527,0.2093666950761715,0.2639549709820199
350,Audible & Visual Signals,18,0.0,0.2222222222222222,0.04715409213920777,0.003457466037428718
155,Accessories - Relays,16,0.125,0.125,0.1077579179331877,0.08549391888837211
431,Ultrasonic Level Sensors,16,0.0625,0.625,0.11811950957646751,0.051547081632708366
413,Track Mounted Relays,15,0.3333333333333333,0.5333333333333333,0.24308800094381083,0.22391138537690816
102,Freezestats,15,0.4666666666666667,0.8666666666666667,0.31283421781272686,0.3059989439591043
428,Dew Point Sensors,15,0.0,0.0,0.006476754178735008,0.0006292251703764207
462,Sound & Security,15,0.13333333333333333,0.4666666666666667,0.20917441177599738,0.14359441904456993
248,Bulb Temperature Controller,14,0.6428571428571429,0.9285714285714286,0.5469704941863334,0.5256467656622874
95,Sockets,14,0.14285714285714285,0.35714285714285715,0.15335304611513598,0.10812919024119125
354,Pre-Fabricated Panels,14,0.7857142857142857,0.7857142857142857,0.4942690840390957,0.4164627128825545
607,Relay Panel Parts,14,0.0,0.0,0.03744208538497206,0.0018019653311689007
433,Level Switches/Probes,13,0.0,0.0,0.05224835990658809,0.003067610158563096
632,Accessories - VSD,13,0.0,0.0,0.028392188811345535,0.0016877120040337593
399,Cabinets/ Enclosures,12,0.0,0.0,0.16663059256971563,0.04192414204770675
221,Insertion Flow Meters,12,0.0,0.0,0.020950214712354975,0.0028825264061917368
43,Outside Air Humidity Sensors,12,0.0,0.08333333333333333,0.10396858728144422,0.02161893429764843
594,Wire Sleeves,12,0.25,0.5,0.31745056329988497,0.20716218058573146
592,Retrofit Kits,12,0.0,1.0,0.12139275647414716,0.015609012403905336
730,Linear High Bays,12,1.0,1.0,0.7380727488270814,0.5457250894921166
731,Round High Bays,12,0.6666666666666666,1.0,0.40811574550955243,0.3793047927978051
726,LED Lamps - Corncob,12,0.0,0.08333333333333333,0.12010719722087806,0.02505513015310466
374,Proportional Thermostats,11,0.0,0.45454545454545453,0.04626090951649532,0.005324938500464602
635,Airflow Measuring Probes,11,0.0,0.0,0.14844995463236577,0.024373548067975283
517,Switches,10,0.1,0.2,0.06058498201087603,0.07464345656575089
299,Gauge Pressure Switches,10,0.0,0.2,0.1878310865878791,0.03565945017738263
360,Wireless Sensors & Input Devices,10,0.2,0.2,0.14049074909209663,0.0986884390032408
366,Air Velocity Transmitters,9,0.0,0.0,0.05130559753178053,0.011601806999233818
160,Solenoid 3 Way E/ P Valves,8,0.0,0.0,0.052774136141702205,0.010596942027093926
110,Accessories - Pneumatic Controls,8,0.0,0.0,0.0,0.0
146,Fittings & Connectors,8,0.375,0.75,0.31243171515002344,0.30913232992947637
232,Air Flow Switches,8,0.5,0.5,0.3049042569650391,0.2652051285450309
308,Pneumatic Tubing,8,0.25,0.875,0.08053991175557662,0.19496184533962757
727,LED Lamps - CF-LED,8,0.25,0.375,0.08930019645045272,0.18581798999326207
257,Thermostat Guards/Protective Enclosures,7,0.2857142857142857,0.5714285714285714,0.10605474111700486,0.19987359621073683
417,Wireless Output Modules & Relays,7,0.0,0.0,0.056396276043157195,0.005697597700427048
103,High Limit Thermostats,6,0.0,0.0,0.11421570300590626,0.02623886251250175
131,Pneumatic Thermostat Covers,6,1.0,1.0,0.7667648689195494,0.5896897942102984
319,Accessories - Transformers,6,0.16666666666666666,0.16666666666666666,0.14371672681834516,0.11078595888552856
276,Humidity Controllers,6,0.0,0.0,0.009639478163919748,0.00027875861781805685
430,Accessories - Thermostats,6,0.0,0.0,0.016624001977278705,0.0008290723282217836
563,Differential Pressure Controller,6,0.6666666666666666,0.8333333333333334,0.46510559507347393,0.4371696870140466
247,Electronic Temperature Controllers,6,0.8333333333333334,1.0,0.5877955024003576,0.48302795978280977
304,Smart Relays [Programmable Timers],6,0.5,1.0,0.4839383116500621,0.3236482944213294
222,Insertion Flow Meter Install Kits,6,0.3333333333333333,0.5,0.16828465837072085,0.19248858654971282
895,Combination Humidity/ Temp Remote Probe,6,0.5,1.0,0.40010887803165784,0.422515101947118
621,Accessories - Networking,6,0.0,0.0,0.08744037069700103,0.010737387426678334
26,Accessories - Power,6,0.0,0.0,0.12498624436965236,0.02343236224262279
288,Handheld Gas Sensors,6,0.0,0.0,0.0,0.0
376,Controllers/ Sensors,6,0.0,0.0,0.015944634847195185,0.0015253882824623462
414,UPS,5,0.0,0.0,0.0,0.0
735,Linear Batten,5,0.0,0.0,0.0529972018682766,0.008165637793063504
705,Vapor Tight,5,0.0,0.2,0.013214584286773162,0.0006278535005694952
572,Thermobuffer,5,0.2,0.2,0.2484855261213459,0.20834933861674937
638,Terminal Unit Controllers,5,0.0,0.0,0.04640906541697614,0.010768979171331202
393,Panels/ Alarms,5,0.0,0.0,0.0,0.0
401,Smoke Detectors,5,0.0,0.0,0.1172986958531153,0.01969879502492903
281,Accessories - Air Compressor,4,0.0,0.0,0.0,0.0
367,Double Row Terminal Blocks,4,0.5,0.5,0.4030637495432764,0.3249646137826033
391,Accessories - Leak Detection,4,0.0,0.0,0.08830679767742586,0.0155961810774715
434,Proximity Readers,4,0.25,0.5,0.22902837229747006,0.19429999681867952
69,Accessories - Humidity,4,0.0,0.0,0.019833030756861415,0.0008342175657509343
251,Pneumatic Temperature Controller,4,0.0,0.0,0.021493669219706548,0.0018479112661046427
186,Terminal Box Enclosure,4,0.0,0.0,0.053336781578216766,0.00886507240839759
544,Non-Configurable Communicating Thermostats,4,0.0,0.0,0.05062615223270602,0.0102520291595565
593,Magnetic 2 Way/3 Way Valves w/Electric Actuator,4,0.25,0.25,0.30695059903190164,0.23838516052462266
766,Particulate Sensors,4,0.0,0.0,4.410875445174223e-55,7.78232887713636e-109
782,Operational Technology Networks (OT),4,0.25,0.25,0.1640244673420434,0.1708393076708175
791,Orifice Plate Flowmeters,4,0.0,0.25,0.23012575629448812,0.05296076986177674
214,Cable Ties,3,0.0,0.0,0.10620205935462874,0.01691856805375157
239,Pneumatic Temp Transmitter,3,0.0,0.0,0.0,0.0
387,Relay Logic Boards,3,0.0,0.0,0.0,0.0
353,Accessories - Lighting,3,0.0,0.0,0.03945563808101649,0.0023549228907000807
397,Accessories - Fire,3,0.0,0.0,0.032967324589802616,0.0019518165350189398
515,Remote Sensors,3,0.0,0.0,0.06510524736624551,0.012716079703860053
273,Oil Removal,3,0.0,0.0,0.0,0.0
52,Butterfly 2 Way w/  Pneumatic Actuator,3,0.0,0.3333333333333333,0.17179496257999963,0.02958676470773718
334,Thermometers,3,0.0,0.0,0.009795539593978853,0.0002878577878116222
707,Retrofit Kit,3,0.3333333333333333,1.0,0.27349534321513086,0.33877088830409635
698,Canopy,3,0.3333333333333333,0.3333333333333333,0.4007858228334916,0.34698858205436717
588,DIN Rails / Snap Track,3,0.6666666666666666,1.0,0.4681671823154494,0.42451254558185
483,Data Loggers,3,0.0,0.0,0.0,0.0
375,Carrier Standard Enclosures,3,0.0,0.0,0.19831290029054952,0.0395070112162735
908,NEMA 9,3,0.0,0.0,0.2248865081575345,0.05066610556099583
119,Analog To Relay,2,0.0,0.0,0.0,0.0
134,Analog To Pneumatic,2,0.0,0.0,0.138258385239585,0.01911564085404329
126,PWM To Analog,2,0.0,0.0,0.027113419403736426,0.0014702750235258218
120,Pneumatic To Analog,2,0.0,0.0,0.09251167884103255,0.008558527024948307
272,Pressure Reducing Station,2,0.0,0.0,0.0,0.0
460,Magnetic Contacts,2,0.0,0.0,0.10227034054923942,0.010533694382571788
516,Monitoring Modules,2,0.5,1.0,0.24955802738348004,0.31486683676324856
546,ICM Control,2,0.0,0.0,0.0,0.0
278,Air Filters,2,0.0,0.0,0.08509707784146427,0.014483025314312458
646,Economizer,2,0.0,0.0,0.0,0.0
224,Controllers,2,0.0,0.0,0.14236289084663872,0.04053438538042394
591,Combination Humidity/Temperature Handheld Sensors,2,0.0,0.0,0.11683401725946055,0.02710577842497282
693,Fan Coil Controllers,2,0.0,0.0,0.0,0.0
664,Pressure Level Sensors,2,0.0,0.0,0.04959152613856975,0.0024593690827881655
514,Accessories - Remote Alarm,2,0.0,0.0,0.025981972720487786,0.001350125812896343
575,Temperature Switches & Displays,2,0.0,1.0,0.07237012674016574,0.005237751110896536
135,Analog To Resistance,2,0.0,0.0,0.07998234674338828,0.012794351581159187
226,Accessories - Interface Devices,2,0.0,0.0,0.03880065608063381,0.0015323693948735792
124,Adjustable Power Regulator,2,0.0,0.0,0.0,0.0
211,High Voltage Arresters/Suppressors,2,0.0,0.0,8.903986411752222e-09,1.5856194804133642e-16
394,Remote Display & Transmitters,2,0.0,0.0,5.433123834934414e-05,5.9037669211464865e-09
566,Snow Melt Controls,2,0.0,0.0,0.04106652112357552,0.0033729183143861485
717,Accessories - LED Products,2,0.0,0.0,0.014539762918152066,0.0004228094114321398
763,In-Room Air & Surface Treatment,2,0.0,0.0,0.0,0.0
896,Remote Probe - Humidity,2,0.5,0.5,0.5,0.5
117,Analog To Analog,2,0.0,0.0,0.0,0.0
370,Electromechanical Float Switches,2,0.0,0.0,0.0,0.0
312,Accessories - HVAC Installation,2,0.0,0.0,0.18706127899070948,0.03499243918780098
398,Device Guards,1,0.0,0.0,0.170567456424612,0.02909325719116191
562,Access Cards/ Key Fobs,1,0.0,0.0,0.03482200031527703,0.0012125717059571538
377,In-Wall Automatic Shut-Off Timers,1,0.0,0.0,0.0,0.0
341,Buzzers,1,0.0,0.0,0.0,0.0
501,Specialty Controllers/ Switches,1,0.0,0.0,0.16027126135477512,0.025686877216250636
529,Single Phase AC Motor Control,1,0.0,0.0,8.30914476918166e-06,6.904188679521894e-11
665,Accessories - Access Controls,1,0.0,0.0,0.03479329784220509,0.0012105735747363934
436,Door Controllers,1,0.0,0.0,0.0,0.0
382,Accessories - Surge Protection,1,0.0,0.0,0.0,0.0
752,Wireless Test Instruments,1,0.0,0.0,0.0,0.0
313,Accessories - Handheld Sensors,1,0.0,0.0,0.0,0.0
654,Routers,1,0.0,0.0,0.0,0.0
765,Tapa Smart/Unified Building Solutions,1,0.0,0.0,0.0,0.0
361,Wireless Receivers/Transceiver,1,0.0,0.0,0.0,0.0
314,Light Level Sensors,1,0.0,0.0,2.1826141572683634e-182,0.0
285,BTU Meters,1,0.0,0.0,0.0,0.0
906,Commissioning Tools,1,0.0,0.0,0.0,0.0
381,Wire Nut Connectors,1,0.0,0.0,0.0344416233624307,0.0011862254198395322
570,Accessories - Wire & Cable,1,1.0,1.0,0.9463821462301952,0.8956391667032706
907,Balancing Instruments,1,0.0,0.0,0.0,0.0
783,Motor Starters,1,0.0,0.0,0.0,0.0
